<?xml version="1.0" encoding="UTF-8"?>
<beans xmlns="http://www.springframework.org/schema/beans"
	xmlns:context="http://www.springframework.org/schema/context"
	xmlns:xsi="http://www.w3.org/2001/XMLSchema-instance" xmlns:ws="http://jax-ws.dev.java.net/spring/core"
	xmlns:wss="http://jax-ws.dev.java.net/spring/servlet"
	xsi:schemaLocation="http://www.springframework.org/schema/beans http://www.springframework.org/schema/beans/spring-beans-2.5.xsd
                           http://www.springframework.org/schema/context http://www.springframework.org/schema/context/spring-context-2.5.xsd
                           http://www.springframework.org/schema/util http://www.springframework.org/schema/util/spring-util-2.5.xsd
                           http://jax-ws.dev.java.net/spring/core http://jax-ws.dev.java.net/spring/core.xsd
                           http://jax-ws.dev.java.net/spring/servlet http://jax-ws.dev.java.net/spring/servlet.xsd">
	<context:annotation-config />

	<bean id="faces" class="com.stratebi.stpivot4.pentaho.servlet.FacesSTPivotDispatcherServlet">
		<property name="initParameters">
			<map>
				<entry key="javax.faces.PROJECT_STAGE">
					<!-- 
					<value>Production</value>
					 -->
					<value>Development</value>
				</entry>
				<entry key="javax.faces.INTERPRET_EMPTY_STRING_SUBMITTED_VALUES_AS_NULL">
					<value>true</value>
				</entry>
				<entry key="javax.faces.STATE_SAVING_METHOD">
					<value>server</value>
				</entry>
				<entry key="javax.faces.PARTIAL_STATE_SAVING">
					<value>false</value>
				</entry>
				<entry key="org.apache.myfaces.SERIALIZE_STATE_IN_SESSION">
					<value>false</value>
				</entry>
				<entry key="javax.faces.FACELETS_RESOURCE_RESOLVER">
					<value>com.stratebi.stpivot4.pentaho.servlet.PluginResourceResolver
					</value>
				</entry>
				<entry key="primefaces.THEME">
					<value>stpivot4</value>
				</entry>
				<entry key="stpivot4.config">
					<value>classpath:./stpivot4-config.xml</value>
				</entry>
			</map>
		</property>
	</bean>
</beans>
