<?xml version="1.0" encoding="UTF-8"?>

<!-- STPivot4 plugin configuration file. -->
<config>
	<!-- Appearance settings. -->
	<appearances>
		<ui-theme>
			<!-- 
			<default>redmond</default>
			-->
			<default>stpivot4</default>
			<available-themes>
				<theme name="aristo" description="Aristo" />
				<theme name="bootstrap" description="Bootstrap" />
				<theme name="black-tie" description="Black-Tie" />
				<theme name="cruze" description="Cruze" />
				<theme name="humanity" description="Humanity" />
				<theme name="redmond" description="Redmond" />
				<theme name="rocket" description="Rocket" />
				<theme name="stpivot4" description="stpivot4" />
			</available-themes>
		</ui-theme>

		<!--
			For a complete list of available editor themes, please visit : 
			http://codemirror.net/demo/theme.html
		-->
		<editor-theme>eclipse</editor-theme>
	</appearances>

	<model>
		<nonEmpty default="false" />
	</model>

	<render>
		<!-- Show all non-internal member properties -->
		<!-- 
		<propertyCollector type="non-internal" />
		-->
	</render>

	<!-- Miscellaneous settings used for integration with other systems. -->
	<web>
		<!-- URI prefix for web resources like images or stylesheets. -->
		<resource-prefix>/api/repos/stpivot4/webapp</resource-prefix>

		<!-- Name of a session attribute variable for user locale. -->
		<locale-attribute>locale_override</locale-attribute>

		<!-- Name of a request parameter for view id. -->
		<view-parameter>ts</view-parameter>
	</web>
</config>