<?xml version="1.0" encoding="UTF-8"?><faces-config xmlns="http://java.sun.com/xml/ns/javaee" xmlns:xi="http://www.w3.org/2001/XInclude" xmlns:xsi="http://www.w3.org/2001/XMLSchema-instance" version="2.0" xsi:schemaLocation="http://java.sun.com/xml/ns/javaee http://java.sun.com/xml/ns/javaee/web-facesconfig_2_0.xsd">
	<application>
		<resource-bundle>
			<base-name>org.pivot4j.analytics.i18n.messages</base-name>
			<var>msg</var>
		</resource-bundle>		
		<message-bundle>org.pivot4j.analytics.i18n.messages</message-bundle>
		<locale-config>
			<default-locale>en</default-locale>
			<supported-locale>en</supported-locale>
			<supported-locale>ko</supported-locale>
			<supported-locale>pt</supported-locale>
			<supported-locale>pt_BR</supported-locale>
			<supported-locale>fr</supported-locale>
			<supported-locale>de</supported-locale>
			<supported-locale>es</supported-locale>
			<supported-locale>es_MX</supported-locale>
			<supported-locale>hi</supported-locale>
			<supported-locale>nl</supported-locale>
			<supported-locale>it</supported-locale>
			<supported-locale>ru</supported-locale>
		</locale-config>
		
		<resource-bundle>
			<base-name>org.pivot4j.custom.info</base-name>
			<var>customized</var>
		</resource-bundle>
		<resource-bundle xmlns:faces-config="http://java.sun.com/xml/ns/javaee">
			<base-name>webapp.resources.pivot4j.i18n.messages</base-name>
			<var>plugin_msg</var>
		</resource-bundle>

		
	</application>

	<factory>
		<exception-handler-factory>
			org.pivot4j.analytics.exception.Pivot4JExceptionHandlerFactory</exception-handler-factory>
	</factory>
	
	<render-kit>
		<renderer>
			<component-family>org.primefaces.component</component-family>
			<renderer-type>org.primefaces.component.MenuButtonRenderer</renderer-type>
			<renderer-class>com.stratebi.stpivot4j.analytics.component.menubutton.MenuButtonRenderer</renderer-class>
		</renderer>
		
        <renderer>
            <component-family>com.stratebi.stpivot4.analytics.ui.chart.ccc</component-family>
            <renderer-type>com.stratebi.stpivot4.analytics.ui.chart.ccc.CccBarChartRenderer</renderer-type>
            <renderer-class>com.stratebi.stpivot4.analytics.ui.chart.ccc.render.CccBarChartRenderer</renderer-class>
        </renderer>
        <renderer>
            <component-family>com.stratebi.stpivot4.analytics.ui.chart.ccc</component-family>
            <renderer-type>com.stratebi.stpivot4.analytics.ui.chart.ccc.CccLineChartRenderer</renderer-type>
            <renderer-class>com.stratebi.stpivot4.analytics.ui.chart.ccc.render.CccLineChartRenderer</renderer-class>
        </renderer>
        <renderer>
            <component-family>com.stratebi.stpivot4.analytics.ui.chart.ccc</component-family>
            <renderer-type>com.stratebi.stpivot4.analytics.ui.chart.ccc.CccNormalizedBarChartRenderer</renderer-type>
            <renderer-class>com.stratebi.stpivot4.analytics.ui.chart.ccc.render.CccNormalizedBarChartRenderer</renderer-class>
        </renderer>
        <renderer>
            <component-family>com.stratebi.stpivot4.analytics.ui.chart.ccc</component-family>
            <renderer-type>com.stratebi.stpivot4.analytics.ui.chart.ccc.CccPieChartRenderer</renderer-type>
            <renderer-class>com.stratebi.stpivot4.analytics.ui.chart.ccc.render.CccPieChartRenderer</renderer-class>
        </renderer>
        <renderer>
            <component-family>com.stratebi.stpivot4.analytics.ui.chart.ccc</component-family>
            <renderer-type>com.stratebi.stpivot4.analytics.ui.chart.ccc.CccStackedAreaChartRenderer</renderer-type>
            <renderer-class>com.stratebi.stpivot4.analytics.ui.chart.ccc.render.CccStackedAreaChartRenderer</renderer-class>
        </renderer>
        <renderer>
            <component-family>com.stratebi.stpivot4.analytics.ui.chart.ccc</component-family>
            <renderer-type>com.stratebi.stpivot4.analytics.ui.chart.ccc.CccStackedLineChartRenderer</renderer-type>
            <renderer-class>com.stratebi.stpivot4.analytics.ui.chart.ccc.render.CccStackedLineChartRenderer</renderer-class>
        </renderer>
        <renderer>
			<component-family>com.stratebi.stpivot4.analytics.ui.chart.ccc</component-family>
			<renderer-type>com.stratebi.stpivot4.analytics.ui.chart.ccc.CccHeatGridChartRenderer</renderer-type>
			<renderer-class>com.stratebi.stpivot4.analytics.ui.chart.ccc.render.CccHeatGridChartRenderer</renderer-class>
		</renderer>
		<renderer>
			<component-family>com.stratebi.stpivot4.analytics.ui.chart.ccc</component-family>
			<renderer-type>com.stratebi.stpivot4.analytics.ui.chart.ccc.CccBoxPlotChartRenderer</renderer-type>
			<renderer-class>com.stratebi.stpivot4.analytics.ui.chart.ccc.render.CccBoxPlotChartRenderer</renderer-class>
		</renderer>
		<renderer>
			<component-family>com.stratebi.stpivot4.analytics.ui.chart.ccc</component-family>
			<renderer-type>com.stratebi.stpivot4.analytics.ui.chart.ccc.CccDotChartRenderer</renderer-type>
			<renderer-class>com.stratebi.stpivot4.analytics.ui.chart.ccc.render.CccDotChartRenderer</renderer-class>
		</renderer>
		<renderer>
			<component-family>com.stratebi.stpivot4.analytics.ui.chart.ccc</component-family>
			<renderer-type>com.stratebi.stpivot4.analytics.ui.chart.ccc.CccWaterfallChartRenderer</renderer-type>
			<renderer-class>com.stratebi.stpivot4.analytics.ui.chart.ccc.render.CccWaterfallChartRenderer</renderer-class>
		</renderer>
		
	</render-kit>

	<lifecycle>
		<phase-listener>org.pivot4j.analytics.listener.LocaleInitializer</phase-listener>
	</lifecycle>

	<managed-bean xmlns:faces-config="http://java.sun.com/xml/ns/javaee">
		<managed-bean-name>dataSourceManager</managed-bean-name>
		<managed-bean-class>com.stratebi.stpivot4.pentaho.datasource.PentahoDataSourceManager</managed-bean-class>
		<managed-bean-scope>session</managed-bean-scope>
	</managed-bean>
	<managed-bean xmlns:faces-config="http://java.sun.com/xml/ns/javaee">
		<managed-bean-name>reportRepository</managed-bean-name>
		<managed-bean-class>com.stratebi.stpivot4.pentaho.repository.PentahoReportRepository</managed-bean-class>
		<managed-bean-scope>session</managed-bean-scope>
	</managed-bean>
	<managed-bean xmlns:faces-config="http://java.sun.com/xml/ns/javaee">
		<managed-bean-name>reportOpener</managed-bean-name>
		<managed-bean-class>com.stratebi.stpivot4.pentaho.ui.PentahoReportOpener</managed-bean-class>
		<managed-bean-scope>request</managed-bean-scope>
		<managed-property>
			<property-name>settings</property-name>
			<value>#{settings}</value>
		</managed-property>
		<managed-property>
			<property-name>viewStateHolder</property-name>
			<value>#{viewStateHolder}</value>
		</managed-property>
		<managed-property>
			<property-name>dataSourceManager</property-name>
			<value>#{dataSourceManager}</value>
		</managed-property>
		<managed-property>
			<property-name>reportRepository</property-name>
			<value>#{reportRepository}</value>
		</managed-property>
	</managed-bean>

	<component>
		<component-type>org.primefaces.component.Tree</component-type>
		<component-class>org.pivot4j.analytics.component.tree.Tree</component-class>
	</component>
</faces-config>
