<?xml version="1.0" encoding="UTF-8"?>
<DesignerComponent>
	<Header>
		<Name>STPivot4 Widget</Name>
		<IName>STPivot4Component</IName>
		<Description>STPivot4 Widget Component</Description>
		<Category>STPivot4</Category>
		<CatDescription>STPivot4</CatDescription>
		<Type>PalleteEntry</Type>
		<Version>1.0</Version>
	</Header>
	<Contents>
		<Model>
			<Property>executeAtStart</Property>
			<Property>htmlObject</Property>
			<Property>width</Property>
			<Property>height</Property>
			<Property>filePath</Property>
			<Property>listeners</Property>
			<Property>preExecution</Property>
			<Property>postExecution</Property>
		</Model>

		<Implementation>
			<Code src="pivot4j-widget.js" />

			<CustomProperties>
				<DesignerProperty>
					<Header>
						<Name>filePath</Name>
						<Parent>BaseProperty</Parent>
						<DefaultValue></DefaultValue>
						<Description>File Path</Description>
						<Tooltip>Path of the STPivot4 report you want to embed.</Tooltip>
						<InputType>String</InputType>
						<OutputType>String</OutputType>
						<Order>25</Order>
						<Version>1.0</Version>
					</Header>
				</DesignerProperty>
			</CustomProperties>
		</Implementation>
	</Contents>
</DesignerComponent>